{"1":[[[-23.4715,-46.6115],[-23.482,-46.6158],[-23.4891,-46.6181],[-23.4979,-46.6222],[-23.5043,-46.626],[-23.5107,-46.6268],[-23.5171,-46.6295],[-23.5286,-46.6323],[-23.5354,-46.6341],[-23.5413,-46.6344],[-23.5503,-46.6339],[-23.5579,-46.6335],[-23.5648,-46.6337],[-23.5712,-46.6329],[-23.5765,-46.633],[-23.582,-46.6341],[-23.5875,-46.6338],[-23.5961,-46.6344],[-23.6015,-46.6342],[-23.6073,-46.6337],[-23.6256,-46.6408],[-23.635,-46.6411],[-23.6464,-46.6411]]],"2":[[[-23.5533,-46.6947],[-23.5491,-46.6709],[-23.5539,-46.6682],[-23.5558,-46.6591],[-23.5622,-46.6543],[-23.5677,-46.6493],[-23.5765,-46.633],[-23.582,-46.6341],[-23.5856,-46.6155],[-23.5934,-46.6062],[-23.598,-46.597],[-23.6013,-46.588],[-23.6042,-46.5653],[-23.5925,-46.5515]]],"3":[[[-23.5269,-46.6649],[-23.5333,-46.6534],[-23.5389,-46.6476],[-23.5441,-46.6413],[-23.5455,-46.6388],[-23.5503,-46.6339],[-23.5461,-46.6278],[-23.5449,-46.6231],[-23.5459,-46.6099],[-23.5464,-46.6027],[-23.5378,-46.5773],[-23.5412,-46.5669],[-23.5393,-46.5544],[-23.5453,-46.5427],[-23.5494,-46.5339],[-23.5491,-46.5255],[-23.5466,-46.506],[-23.5454,-46.4764]]],"4":[[[-23.5354,-46.6341],[-23.5441,-46.6413],[-23.5487,-46.6508],[-23.5558,-46.6591],[-23.5622,-46.671],[-23.5674,-46.6854],[-23.5749,-46.684],[-23.5673,-46.7011],[-23.572,-46.7268],[-23.5984,-46.7144],[-23.5922,-46.7354]]],"5":[[[-23.6645,-46.7618],[-23.6596,-46.7451],[-23.6545,-46.7296],[-23.6437,-46.7097],[-23.6521,-46.6988],[-23.6393,-46.6982],[-23.6266,-46.694],[-23.6197,-46.6843],[-23.6335,-46.6928],[-23.627,-46.6883],[-23.6189,-46.6823],[-23.6135,-46.6694],[-23.6017,-46.6621],[-23.5978,-46.6501],[-23.5968,-46.6443],[-23.5961,-46.6344],[-23.5856,-46.6155]]],"15":[[[-23.5925,-46.5515],[-23.5982,-46.5411],[-23.6026,-46.5312],[-23.6063,-46.5197],[-23.6119,-46.5087],[-23.6166,-46.4993],[-23.621,-46.4897],[-23.6259,-46.4843],[-23.6283,-46.48],[-23.6247,-46.4787],[-23.5991,-46.4689]]],"17":[[[-23.6222759,-46.702562],[-23.6222238,-46.7025046]],[[-23.6222238,-46.7025046],[-23.6220778,-46.7023238],[-23.6218857,-46.7020903],[-23.6216838,-46.7018782],[-23.6214633,-46.7016687],[-23.6212486,-46.7014771],[-23.6210199,-46.7013041],[-23.6207921,-46.7011423],[-23.6205524,-46.7010019]],[[-23.6205524,-46.7010019],[-23.6203021,-46.7008726],[-23.6198643,-46.7007126],[-23.619635,-46.7006645],[-23.619163,-46.7006156],[-23.6189279,-46.7005907],[-23.6186524,-46.7005615],[-23.6183773,-46.700519],[-23.6180987,-46.7004538],[-23.6178306,-46.7003686],[-23.6176883,-46.7002883]],[[-23.6176883,-46.7002883],[-23.6172971,-46.7001401],[-23.6168808,-46.6998986],[-23.6167485,-46.699851],[-23.616551,-46.6997949],[-23.616327,-46.6997378],[-23.615547,-46.6995654],[-23.6152147,-46.6994937],[-23.614422,-46.6993233],[-23.6141413,-46.6992618],[-23.6140114,-46.6992266],[-23.6139291,-46.6991973],[-23.6138553,-46.6991494],[-23.6137718,-46.6990692],[-23.6136881,-46.6989671],[-23.6136316,-46.6988643],[-23.613602,-46.6987764],[-23.6135784,-46.6986801],[-23.6135581,-46.6985243],[-23.6135498,-46.6983826],[-23.6135642,-46.698202],[-23.6136073,-46.6979871],[-23.6136528,-46.697792],[-23.6137094,-46.6975387],[-23.613777,-46.6972111],[-23.6139084,-46.696567],[-23.6139623,-46.696173],[-23.6139961,-46.6958887],[-23.6140797,-46.6952768],[-23.6141364,-46.6948627],[-23.6141936,-46.694517],[-23.6143921,-46.6938476],[-23.614563,-46.6932424],[-23.6147383,-46.6926635],[-23.6148115,-46.6924166],[-23.6148664,-46.6921585],[-23.6148984,-46.6918578],[-23.6149091,-46.6914826],[-23.6149034,-46.6909759],[-23.6149083,-46.6908177],[-23.6149219,-46.6906873],[-23.6149407,-46.6905804],[-23.6149675,-46.6904876],[-23.6150729,-46.6901466]],[[-23.6150729,-46.6901466],[-23.6152296,-46.6896508],[-23.6154993,-46.6888868],[-23.6156972,-46.6883801],[-23.6160495,-46.6875935],[-23.6161651,-46.6873077],[-23.6163173,-46.6869757],[-23.6166736,-46.686303],[-23.6169837,-46.6857794],[-23.6172882,-46.6852731],[-23.6175563,-46.6848667],[-23.617758,-46.6845761],[-23.6179664,-46.6842745],[-23.6181425,-46.6840456],[-23.6187367,-46.683256],[-23.6189806,-46.6829368],[-23.6195531,-46.6821687],[-23.6198534,-46.6817565],[-23.6201495,-46.6813431],[-23.6202848,-46.6811367],[-23.6204435,-46.6809086],[-23.6207303,-46.6805507],[-23.6211517,-46.6800044],[-23.6215839,-46.6794542],[-23.6222153,-46.6787829],[-23.6223263,-46.678665],[-23.6226117,-46.6783796],[-23.6228329,-46.6781657],[-23.6229779,-46.6780358],[-23.6232321,-46.6778284],[-23.6234236,-46.6776887],[-23.6237644,-46.6774665],[-23.6239516,-46.6773557],[-23.6241935,-46.6772205],[-23.6245672,-46.677032],[-23.6250417,-46.6767915],[-23.6258458,-46.6763625],[-23.6261769,-46.6761772],[-23.6265447,-46.6759614],[-23.6267081,-46.6758584],[-23.6268798,-46.6757513],[-23.6273158,-46.6754506],[-23.6276612,-46.6751879],[-23.628015,-46.6749355],[-23.6283753,-46.674664],[-23.628681,-46.6744341],[-23.628929,-46.6742356],[-23.6290953,-46.6740865],[-23.6293822,-46.6738037]],[[-23.6293822,-46.6738037],[-23.6297213,-46.6734775],[-23.6297783,-46.6734239]],[[-23.6297783,-46.6734239],[-23.6298857,-46.6733103],[-23.6300704,-46.6731237],[-23.6301906,-46.6729864],[-23.630379,-46.6727486],[-23.6306122,-46.6725152]],[[-23.6306122,-46.6725152],[-23.6308294,-46.6723639],[-23.6309178,-46.6722942],[-23.6315247,-46.6716579],[-23.6320907,-46.6710778],[-23.6322353,-46.6708624],[-23.6323387,-46.6706402],[-23.6323843,-46.670522],[-23.632423,-46.6703831],[-23.6324382,-46.6702594],[-23.632426,-46.6701449],[-23.6323991,-46.6700225],[-23.632366,-46.6699293],[-23.6323157,-46.6698294],[-23.6322403,-46.6697188],[-23.6321373,-46.6696161]],[[-23.6321373,-46.6696161],[-23.6319815,-46.6695041],[-23.6318803,-46.6694471],[-23.6315979,-46.6693346],[-23.6314495,-46.6692724],[-23.6312959,-46.6692037],[-23.6311567,-46.6691328],[-23.6310337,-46.6690674],[-23.630743,-46.6688959],[-23.6304798,-46.6687292],[-23.6303076,-46.6686145],[-23.630196,-46.6685273],[-23.6300681,-46.6684119],[-23.6299951,-46.66834],[-23.6299074,-46.6682451],[-23.6298028,-46.6681206],[-23.6296965,-46.6679796],[-23.6296339,-46.667882],[-23.6295582,-46.6677581],[-23.6294941,-46.6676426],[-23.6294118,-46.6674474],[-23.6292822,-46.6670522],[-23.62924,-46.6668792],[-23.6291623,-46.6665614],[-23.6291056,-46.666271],[-23.6290411,-46.6659776],[-23.6289739,-46.665726],[-23.6288264,-46.6652213],[-23.6286851,-46.664697],[-23.6285638,-46.6642313],[-23.6283744,-46.663528],[-23.6282871,-46.6632121],[-23.6281216,-46.6626498],[-23.6280518,-46.6624734],[-23.6279644,-46.6623233],[-23.6278755,-46.6622309],[-23.6277956,-46.6621632],[-23.6277126,-46.6621055],[-23.6275726,-46.6620301],[-23.6274344,-46.6619782],[-23.6272895,-46.6619307]],[[-23.6272895,-46.6619307],[-23.6268505,-46.6617852]]]}