{"1":[[[-23.4715,-46.6115],[-23.482,-46.6158],[-23.4891,-46.6181],[-23.4979,-46.6222],[-23.5043,-46.626],[-23.5107,-46.6268],[-23.5171,-46.6295],[-23.5286,-46.6323],[-23.5354,-46.6341],[-23.5413,-46.6344],[-23.5503,-46.6339],[-23.5579,-46.6335],[-23.5648,-46.6337],[-23.5712,-46.6329],[-23.5765,-46.633],[-23.582,-46.6341],[-23.5875,-46.6338],[-23.5961,-46.6344],[-23.6015,-46.6342],[-23.6073,-46.6337],[-23.6256,-46.6408],[-23.635,-46.6411],[-23.6464,-46.6411]]],"2":[[[-23.5533,-46.6947],[-23.5491,-46.6709],[-23.5539,-46.6682],[-23.5558,-46.6591],[-23.5622,-46.6543],[-23.5677,-46.6493],[-23.5765,-46.633],[-23.582,-46.6341],[-23.5856,-46.6155],[-23.5934,-46.6062],[-23.598,-46.597],[-23.6013,-46.588],[-23.6042,-46.5653],[-23.5925,-46.5515]]],"3":[[[-23.5269,-46.6649],[-23.5333,-46.6534],[-23.5389,-46.6476],[-23.5441,-46.6413],[-23.5455,-46.6388],[-23.5503,-46.6339],[-23.5461,-46.6278],[-23.5449,-46.6231],[-23.5459,-46.6099],[-23.5464,-46.6027],[-23.5378,-46.5773],[-23.5412,-46.5669],[-23.5393,-46.5544],[-23.5453,-46.5427],[-23.5494,-46.5339],[-23.5491,-46.5255],[-23.5466,-46.506],[-23.5454,-46.4764]]],"4":[[[-23.5354,-46.6341],[-23.5441,-46.6413],[-23.5487,-46.6508],[-23.5558,-46.6591],[-23.5622,-46.671],[-23.5674,-46.6854],[-23.5749,-46.684],[-23.5673,-46.7011],[-23.572,-46.7268],[-23.5984,-46.7144],[-23.5922,-46.7354]]],"5":[[[-23.6645,-46.7618],[-23.6596,-46.7451],[-23.6545,-46.7296],[-23.6437,-46.7097],[-23.6521,-46.6988],[-23.6393,-46.6982],[-23.6266,-46.694],[-23.6197,-46.6843],[-23.6335,-46.6928],[-23.627,-46.6883],[-23.6189,-46.6823],[-23.6135,-46.6694],[-23.6017,-46.6621],[-23.5978,-46.6501],[-23.5968,-46.6443],[-23.5961,-46.6344],[-23.5856,-46.6155]]],"15":[[[-23.5925,-46.5515],[-23.5982,-46.5411],[-23.6026,-46.5312],[-23.6063,-46.5197],[-23.6119,-46.5087],[-23.6166,-46.4993],[-23.621,-46.4897],[-23.6259,-46.4843],[-23.6283,-46.48],[-23.6247,-46.4787],[-23.5991,-46.4689]]],"17":[[[-23.6271576,-46.662013],[-23.6272587,-46.6620435],[-23.6274894,-46.6621254],[-23.6276325,-46.6621858],[-23.6277466,-46.6622461],[-23.6278408,-46.6623064],[-23.6279135,-46.6623692],[-23.6280012,-46.6625011],[-23.6280738,-46.6626703],[-23.6284147,-46.6638759],[-23.6284358,-46.6639496],[-23.6285416,-46.6643291],[-23.6287547,-46.6651406],[-23.6289811,-46.6659521],[-23.629069,-46.6663392],[-23.6291495,-46.666684],[-23.6292468,-46.6670676],[-23.6293532,-46.6674183],[-23.629455,-46.6676564],[-23.6295738,-46.6678667],[-23.6297195,-46.6680783],[-23.6298379,-46.6682289],[-23.6299359,-46.6683468],[-23.6300178,-46.6684302],[-23.6301494,-46.6685476],[-23.6302746,-46.6686487],[-23.6304032,-46.6687348],[-23.6305885,-46.6688564],[-23.6308187,-46.6689991],[-23.6310025,-46.6691065],[-23.6311605,-46.669191],[-23.6313078,-46.6692638],[-23.6315467,-46.6693651],[-23.6317888,-46.6694628],[-23.63193,-46.6695402],[-23.632104,-46.6696792],[-23.6321922,-46.6697793],[-23.632263,-46.6698879],[-23.6323175,-46.6700263],[-23.6323397,-46.6701208],[-23.6323453,-46.6702258],[-23.6323376,-46.6703366],[-23.6323187,-46.6704198],[-23.6322845,-46.6705301],[-23.6322302,-46.6706488],[-23.6321146,-46.6708224],[-23.6319605,-46.6709998],[-23.6307952,-46.6721969],[-23.6307242,-46.672287],[-23.6305891,-46.6724734],[-23.6302679,-46.672796],[-23.6300019,-46.6730666],[-23.6299178,-46.6731442],[-23.6297225,-46.6733574],[-23.6293711,-46.6736939],[-23.6293188,-46.6737413],[-23.6288774,-46.6741306],[-23.6285258,-46.6744616],[-23.6278879,-46.674949],[-23.6273541,-46.6753262],[-23.6269486,-46.675595],[-23.6266404,-46.6757927],[-23.6262375,-46.6760372],[-23.6256776,-46.676353],[-23.6253819,-46.6765174],[-23.6248161,-46.6768078],[-23.6240537,-46.6771941],[-23.6236771,-46.6774283],[-23.6232535,-46.6777261],[-23.6229494,-46.6779643],[-23.6227627,-46.6781212],[-23.6226267,-46.6782345],[-23.6224691,-46.6783821],[-23.6223587,-46.6784882],[-23.6221007,-46.6787473],[-23.6218646,-46.6789948],[-23.6215172,-46.6793925],[-23.6214677,-46.6794662],[-23.6213941,-46.6795928],[-23.621334,-46.6796797],[-23.6212239,-46.6798318],[-23.6208793,-46.6802635],[-23.6203185,-46.6809729],[-23.6199702,-46.6814312],[-23.6194646,-46.6821164],[-23.6187326,-46.6830927],[-23.6184316,-46.6834906],[-23.6183677,-46.6835751],[-23.6181905,-46.6838125],[-23.6179857,-46.6841037],[-23.6175619,-46.6847049],[-23.6172547,-46.6851674],[-23.6168383,-46.6858418],[-23.6164345,-46.6865881],[-23.6162474,-46.6869652],[-23.6159002,-46.687699],[-23.6157097,-46.6881604],[-23.6154594,-46.6887828],[-23.6153969,-46.6889495],[-23.615269,-46.6893042],[-23.6152299,-46.6894459],[-23.6151983,-46.6895774],[-23.61515,-46.6897285],[-23.6150672,-46.689997],[-23.6149687,-46.690323],[-23.6149213,-46.690478],[-23.6148896,-46.69061],[-23.6148694,-46.6907283],[-23.6148595,-46.6908333],[-23.6148548,-46.6909142],[-23.6148562,-46.6911837],[-23.6148524,-46.6915083],[-23.6148477,-46.6917266],[-23.6148391,-46.6919827],[-23.61481,-46.6921561],[-23.6147373,-46.6924541],[-23.614578,-46.6929541],[-23.6144275,-46.693473],[-23.6141205,-46.6945179],[-23.6140474,-46.6947711],[-23.6139931,-46.6950124],[-23.6139696,-46.6952011],[-23.6138965,-46.6957291],[-23.6138426,-46.6962097],[-23.6137567,-46.6968431],[-23.6137218,-46.6971314],[-23.6136863,-46.6973826],[-23.6136645,-46.6975453],[-23.6136269,-46.6977355],[-23.613532,-46.6981286],[-23.6135077,-46.6982901],[-23.6135003,-46.6984352],[-23.6135102,-46.6985816],[-23.6135345,-46.6987125],[-23.6135765,-46.6988664],[-23.6136387,-46.6989982],[-23.6136891,-46.6990674],[-23.6137498,-46.6991406],[-23.6138566,-46.699231],[-23.6139784,-46.6992915],[-23.6140894,-46.6993263],[-23.6142737,-46.699367],[-23.615198,-46.699568],[-23.615665,-46.699664],[-23.6159495,-46.6997218],[-23.6162126,-46.6997782],[-23.6164993,-46.699846],[-23.6167154,-46.6999076],[-23.6168103,-46.6999386],[-23.6169889,-46.7000127],[-23.6172945,-46.7001969],[-23.617562,-46.7003222],[-23.6178145,-46.7004187],[-23.6180893,-46.7005001],[-23.6183655,-46.7005651],[-23.6186446,-46.7006082],[-23.6189288,-46.7006418],[-23.6191581,-46.7006668],[-23.6193847,-46.7006873],[-23.6196197,-46.7007233],[-23.6198511,-46.7007766],[-23.6202743,-46.7009273],[-23.6205269,-46.701061],[-23.6207675,-46.7011957],[-23.6209932,-46.7013496],[-23.6212118,-46.7015211],[-23.621454,-46.7017343],[-23.6216049,-46.7018719],[-23.6217886,-46.7020594],[-23.6218778,-46.7021556],[-23.6219433,-46.7022392],[-23.6220509,-46.7023706],[-23.622189,-46.702538],[-23.6225403,-46.7029797]]]}